[
  {
    "id": 1,
    "name": "Premium Wireless Earbuds",
    "price": 49.99,
    "description": "High-quality wireless earbuds with noise cancellation, touch controls, and 30-hour battery life. Perfect for music lovers and professionals on the go.",
    "category": "Electronics",
    "image": "/assets/images/product-earbuds.jpg",
    "url": "/products/wireless-earbuds/",
    "supplier_id": "SUPP001",
    "supplier_sku": "WE-2025-BLK"
  },
  {
    "id": 2,
    "name": "Smart Fitness Watch",
    "price": 79.99,
    "description": "Track your fitness goals with this advanced smartwatch featuring heart rate monitoring, sleep tracking, and smartphone notifications. Water-resistant and long battery life.",
    "category": "Electronics",
    "image": "/assets/images/product-smartwatch.jpg",
    "url": "/products/fitness-watch/",
    "supplier_id": "SUPP002",
    "supplier_sku": "FW-350-SLV"
  },
  {
    "id": 3,
    "name": "Minimalist Backpack",
    "price": 39.99,
    "description": "Stylish and functional backpack with laptop compartment, water bottle pockets, and anti-theft features. Perfect for commuters and travelers.",
    "category": "Fashion",
    "image": "/assets/images/product-backpack.jpg",
    "url": "/products/minimalist-backpack/",
    "supplier_id": "SUPP003",
    "supplier_sku": "BP-101-GRY"
  },
  {
    "id": 4,
    "name": "Portable Bluetooth Speaker",
    "price": 34.99,
    "description": "Compact yet powerful Bluetooth speaker with 12-hour playtime, waterproof design, and rich bass. Take your music anywhere with this premium portable speaker.",
    "category": "Electronics",
    "image": "/assets/images/product-speaker.jpg",
    "url": "/products/bluetooth-speaker/",
    "supplier_id": "SUPP001",
    "supplier_sku": "BS-220-BLU"
  },
  {
    "id": 5,
    "name": "Stainless Steel Water Bottle",
    "price": 24.99,
    "description": "Eco-friendly double-walled insulated water bottle that keeps drinks cold for 24 hours or hot for 12 hours. Leak-proof and BPA-free.",
    "category": "Home",
    "image": "/assets/images/product-waterbottle.jpg",
    "url": "/products/steel-water-bottle/",
    "supplier_id": "SUPP004",
    "supplier_sku": "WB-500-SLV"
  },
  {
    "id": 6,
    "name": "LED Desk Lamp",
    "price": 29.99,
    "description": "Modern LED desk lamp with adjustable brightness levels, color temperatures, and flexible arm. Energy-efficient and perfect for home office or study.",
    "category": "Home",
    "image": "/assets/images/product-desklamp.jpg",
    "url": "/products/led-desk-lamp/",
    "supplier_id": "SUPP005",
    "supplier_sku": "DL-300-WHT"
  }
]
